,Glu_1,Cys_1,Gly_1,Glu_2,Cys_2,Gly_2
ALA349,31.24341412012645,12.697576396206534,0.052687038988408846,2.871443624868282,21.311907270811382,12.407797681770285
GLN356,42.38672286617492,2.3182297154899896,1.554267650158061,8.298208640674394,13.119072708113805,9.062170706006324
TYR421,30.874604847207586,1.238145416227608,0.6059009483667017,66.85985247629084,53.42465753424658,45.626975763962065
GLN425,16.754478398314017,2.1865121180189675,1.9494204425711277,22.602739726027394,27.766069546891465,24.183350895679663
TYR225,60.010537407797685,50.763962065331924,43.09799789251844,14.963119072708114,17.43940990516333,18.018967334035825
TYR429,22.128556375131716,14.989462592202319,5.110642781875659,5.848261327713383,9.035827186512119,3.1348788198103263
ASN229,26.817702845100104,46.048472075869334,19.309799789251844,2.3709167544783982,0.13171759747102213,3.5036880927291887
VAL230,27.344573234984193,18.28240252897787,0.0,0.15806111696522657,0.026343519494204423,3.371970495258166
MET352,4.847207586933614,0.0,0.36880927291886195,3.371970495258166,5.242360379346681,7.2708113804004215
VAL353,12.80295047418335,1.8177028451001054,0.18440463645943098,1.6596417281348788,5.47945205479452,5.953635405690201
THR222,25.579557428872494,10.590094836670179,0.4478398314014752,3.3456269757639623,15.569020021074817,3.767123287671233
ALA346,5.690200210748156,26.027397260273972,0.0,0.052687038988408846,6.454162276080084,0.26343519494204426
GLY90,0.07903055848261328,0.21074815595363539,4.241306638566913,0.0,0.13171759747102213,0.0
LEU345,2.1865121180189675,41.91253951527924,0.026343519494204423,42.43940990516333,54.425711275026345,0.13171759747102213
LEU348,0.4478398314014752,0.0,0.0,53.68809272918862,3.8988408851422554,0.026343519494204423
PHE226,0.26343519494204426,0.0,0.0,0.0,0.0,0.0
HIS424,0.7903055848261329,0.026343519494204423,0.0,20.864067439409904,13.066385669125394,18.57218124341412
VAL428,14.910432033719706,9.984193888303478,4.135932560590095,11.327713382507904,20.231822971549,17.755532139093784
GLN221,17.623814541622764,10.563751317175974,14.805057955742887,0.0,4.004214963119073,8.535300316122234
LEU89,9.510010537407798,14.75237091675448,18.51949420442571,0.052687038988408846,7.9820864067439405,9.799789251844047
ALA329,1.6332982086406742,2.5816649104320337,9.246575342465754,16.701791359325604,5.400421496311907,5.532139093782929
ASP328,9.40463645943098,4.926238145416228,7.718651211801896,28.108535300316124,21.86512118018967,39.80505795574289
SER218,2.845100105374078,7.824025289778715,2.713382507903056,0.0,1.5279241306638567,4.478398314014752
TYR432,16.91253951527924,8.245521601685986,6.61222339304531,0.0,0.18440463645943098,1.60695468914647
LEU359,0.39515279241306644,0.0,0.026343519494204423,0.0,0.0,0.0
PHE119,4.214963119072708,1.1327713382507905,5.110642781875659,0.0,0.0,0.026343519494204423
LYS122,7.665964172813487,0.0,0.31612223393045313,0.0,0.0,0.0
ASN456,9.931506849315069,1.0273972602739725,11.064278187565858,0.0,0.0,0.0
ASN460,18.097997892518443,6.006322444678609,13.962065331928345,0.10537407797681769,0.0,0.869336143308746
MET436,0.10537407797681769,0.0,0.0,0.0,0.0,0.0
ASN464,3.2402528977871445,0.026343519494204423,1.1327713382507905,0.0,0.0,0.36880927291886195
SER120,0.5268703898840885,0.0,0.0,0.0,0.0,0.0
PHE116,2.9768177028451004,0.31612223393045313,3.767123287671233,0.0,0.0,0.052687038988408846
ASP194,3.1875658587987354,0.0,4.662802950474183,0.0,0.0,0.0
ASN217,3.6090621707060064,0.10537407797681769,2.054794520547945,0.0,0.0,0.9483667017913594
THR453,2.897787144362487,0.0,0.0,0.0,0.0,0.0
SER459,9.58904109589041,0.8166491043203371,4.504741833508956,0.026343519494204423,0.0,0.0
MET452,0.052687038988408846,0.0,0.0,0.0,0.0,0.0
GLY93,0.7112750263435195,15.83245521601686,42.30769230769231,1.2644889357218125,0.13171759747102213,1.4752370916754478
ALA327,0.9483667017913594,2.845100105374078,0.42149631190727077,26.44889357218124,11.880927291886197,8.350895679662802
LEU355,0.026343519494204423,0.0,0.0,0.052687038988408846,0.0,0.0
ARG383,6.059009483667018,0.0,0.42149631190727077,19.599578503688093,11.195995785036882,15.569020021074817
LYS321,14.357218124341411,1.4752370916754478,7.56059009483667,4.399367755532139,0.052687038988408846,13.909378292939936
PHE324,0.15806111696522657,0.0,0.0,1.60695468914647,0.0,1.685985247629083
GLY463,5.979978925184405,1.7123287671232876,0.7639620653319283,0.0,0.7112750263435195,0.026343519494204423
MET431,0.4478398314014752,0.0,0.026343519494204423,0.0,0.0,0.026343519494204423
GLY462,0.42149631190727077,0.0,0.0,0.0,0.0,0.0
TYR390,0.2897787144362487,0.052687038988408846,0.0,67.46575342465754,15.753424657534246,12.32876712328767
GLY332,0.6322444678609063,22.602739726027394,8.377239199157009,33.3508956796628,48.34035827186512,2.5553213909378294
THR331,0.6059009483667017,4.7418335089567965,0.36880927291886195,67.51844046364594,26.027397260273972,4.5837723919915705
VAL330,5.742887249736564,5.8746048472075865,2.0021074815595363,6.691253951527925,0.5268703898840885,0.5005268703898841
LEU333,0.684931506849315,0.6322444678609063,3.951527924130664,0.052687038988408846,0.0,0.21074815595363539
LEU97,0.5268703898840885,51.65964172813487,27.186512118018967,0.5268703898840885,14.014752370916755,0.2897787144362487
SER467,2.1865121180189675,0.0,0.0,0.0,0.0,0.0
LEU471,1.4488935721812435,0.0,0.0,0.0,0.0,0.0
SER113,2.6870389884088515,0.0,0.026343519494204423,0.0,0.0,0.0
TRP117,0.052687038988408846,0.0,0.0,0.0,0.0,0.0
THR468,0.8956796628029504,0.0,0.0,0.0,0.0,0.0
PRO96,0.18440463645943098,0.052687038988408846,5.505795574288725,0.10537407797681769,0.0,0.052687038988408846
ALA92,0.10537407797681769,0.0,0.18440463645943098,0.0,0.10537407797681769,0.10537407797681769
LEU335,0.4741833508956797,1.7123287671232876,0.0,59.45732349841939,17.044257112750262,0.0
LEU233,0.21074815595363539,22.787144362486828,0.15806111696522657,0.0,0.42149631190727077,0.0
ILE435,0.10537407797681769,0.0,0.0,0.0,0.0,0.0
GLY86,0.21074815595363539,0.0,0.0,0.0,0.0,0.0
SER94,0.0,6.5595363540569025,1.422550052687039,0.07903055848261328,0.0,0.0
LYS342,0.0,0.052687038988408846,0.0,0.0,0.0,0.0
GLN85,0.0,0.0,0.15806111696522657,0.0,0.0,0.0
ILE357,0.0,0.0,0.052687038988408846,0.0,0.0,0.0
SER214,0.0,0.0,0.026343519494204423,0.0,0.0,0.0
GLU187,0.0,0.0,0.026343519494204423,0.0,0.0,0.0
TYR413,0.0,0.0,0.0,5.505795574288725,0.0,0.0
VAL417,0.0,0.0,0.0,55.00526870389885,0.0,0.0
LEU393,0.0,0.0,0.0,42.20231822971549,0.0,0.0
SER420,0.0,0.0,0.0,0.39515279241306644,0.0,0.0
GLU389,0.0,0.0,0.0,12.355110642781876,0.0,0.0
TYR414,0.0,0.0,0.0,1.2644889357218125,0.0,0.0
HIS344,0.0,0.0,0.0,0.23709167544783985,0.0,0.0
VAL340,0.0,0.0,0.0,1.3435194942044257,0.0,0.0
ALA326,0.0,0.0,0.0,0.13171759747102213,0.0,0.0
THR397,0.0,0.0,0.0,0.42149631190727077,0.0,0.0
VAL394,0.0,0.0,0.0,1.4752370916754478,0.0,0.0
LEU418,0.0,0.0,0.0,0.9483667017913594,0.0,0.0
LEU386,0.0,0.0,0.0,0.052687038988408846,0.0,0.0
TYR513,0.0,0.0,0.0,2.212855637513172,0.0,0.0
GLY387,0.0,0.0,0.0,0.026343519494204423,0.0,0.0
TYR514,0.0,0.0,0.0,0.13171759747102213,0.0,0.0
PRO408,0.0,0.0,0.0,0.026343519494204423,0.0,0.0
SER325,0.0,0.0,0.0,0.0,0.0,0.10537407797681769
